,layer0_hidden_states,layer1_hidden_states,layer2_hidden_states,x_hidden_states
Acc,0.9527962721830495,0.9520522962775376,0.9569590095104185,0.9261214917063381
Precision_0,0.9689094542551699,0.967973363665567,0.964082538038028,0.9289293733739592
Recall_0,0.9803402710981042,0.9805190021079344,0.9902844006030466,0.9962152685399314
F1_0,0.9745913463005675,0.9742057944698671,0.9770078273803514,0.9613964634162399
Precision_1,0.7235136664971746,0.7214712078651685,0.825651572465631,0.6384961230207858
Recall_1,0.6205534572564122,0.6086795526919944,0.554979551869132,0.08063228747521127
F1_1,0.6680900070871723,0.6602932315726049,0.6637830070762841,0.1431827812440639
Avg_F1,0.8213406766938699,0.817249513021236,0.8203954172283178,0.5522896223301519
