,layer0_hidden_states,layer1_hidden_states,layer2_hidden_states,x_hidden_states
Acc,0.939679483395169,0.9197055497781633,0.9523657286098989,0.9241032301425477
Precision_0,0.9663117802862038,0.9502308185116155,0.9672804923517933,0.9241032301425477
Recall_0,0.9684894886335715,0.9635792701504713,0.9816594101054577,1.0
F1_0,0.9673994089041361,0.9568584929092983,0.9744169087321621,0.9605547308125305
Precision_1,0.605509892705975,0.4650508141817762,0.7273378141437755,1.0
Recall_1,0.5888948722551307,0.385508286962245,0.5956919763058697,0.0
F1_1,0.5970868191000807,0.4215602242912384,0.6549652971941713,0.0
Avg_F1,0.7822431140021084,0.6892093586002683,0.8146911029631667,0.48027736540626526
