,layer0_hidden_states,layer1_hidden_states,layer2_hidden_states,x_hidden_states
Acc,0.9336966909136036,0.9513158798223781,0.9566049752522494,0.9262500023623282
Precision_0,0.977410827504756,0.9672037381466997,0.976228850999771,0.9292902673862148
Recall_0,0.9501592888961655,0.9805278704404833,0.9767922558991466,0.9959151095921249
F1_0,0.9635924202387554,0.973820230123978,0.9765104721843153,0.9614498583412692
Precision_1,0.5501114545745637,0.7183148628778384,0.7180997837273473,0.6355669161949973
Recall_1,0.7351205904860648,0.5989533190155274,0.7131007924165,0.08593152139030832
F1_1,0.6292999911948578,0.653226240689222,0.7155915576694412,0.1513939024920628
Avg_F1,0.7964462057168066,0.8135232354066,0.8460510149268783,0.556421880416666
