,layer0_hidden_states,layer1_hidden_states,layer2_hidden_states,x_hidden_states
Acc,0.9428921323130596,0.9316631987688175,0.945201544395707,0.9234404066480326
Precision_0,0.9623978696362646,0.9560153970298433,0.961772313660457,0.923443315282989
Recall_0,0.9763031332501074,0.9706560519547851,0.9795946489845759,0.9999965891028658
F1_0,0.9693006339401821,0.9632800977852428,0.9706016741107638,0.9601965347679332
Precision_1,0.6538312057161649,0.5658471103574961,0.6830113497875226,0.0
Recall_1,0.5398800266607421,0.46132135245665573,0.5303430513383857,0.0
F1_1,0.5914167500473242,0.5082659051245438,0.5970725832599935,0.0
Avg_F1,0.7803586919937531,0.7357730014548933,0.7838371286853787,0.4800982673839666
