,layer0_hidden_states,layer1_hidden_states,layer2_hidden_states,x_hidden_states
Acc,0.9394585368444378,0.9440259761665376,0.9549702493777917,0.9256774699243094
Precision_0,0.9653694750156633,0.9683264433469555,0.9713914888110764,0.925690760014578
Recall_0,0.9693725740016065,0.9713034807760029,0.9802240326671441,0.9999841728952918
F1_0,0.9673668831809836,0.9698126774112623,0.9757877737513786,0.9614043296614047
Precision_1,0.5976975650320938,0.6282961330497399,0.7221867096523165,0.2
Recall_1,0.5668235700027109,0.6042339256228898,0.6403874115878453,4.928900608719225e-05
F1_1,0.5818512990462699,0.6160301507537689,0.6788317354162857,9.855372409884938e-05
Avg_F1,0.7746090911136267,0.7929214140825156,0.8273097545838322,0.48075144169275175
