,layer0_hidden_states,layer1_hidden_states,layer2_hidden_states,x_hidden_states
Acc,0.9068821091533755,0.9089662093733232,0.9274465743289398,0.869185168092389
Precision_0,0.9405605097131303,0.943520984096154,0.9487547319360792,0.8708205204647046
Recall_0,0.9530580456414656,0.9522275876459888,0.9688262087484745,0.9973990224202581
F1_0,0.9467680369522748,0.9478542924641123,0.9586854254461572,0.9298217001560173
Precision_1,0.6589328922784772,0.6628436272759729,0.7597661008690002,0.5325757575757576
Recall_1,0.6009189687438898,0.6223150191335437,0.6532638753107455,0.019636323007737214
F1_1,0.6285902118334551,0.6419402705545071,0.7025013704596484,0.037876134802402955
Avg_F1,0.7876791243928649,0.7948972815093097,0.8305933979529028,0.4838489174792101
