,layer0_hidden_states,layer1_hidden_states,layer2_hidden_states,x_hidden_states
Acc,0.9425185694748135,0.9310206454888665,0.9449394834501583,0.9234404066480326
Precision_0,0.9611339259297029,0.9580529580813248,0.9603331396474918,0.923443315282989
Recall_0,0.97727182803621,0.9676701526035378,0.9808907898955583,0.9999965891028658
F1_0,0.9691357001589437,0.9628375408748361,0.9705031115430823,0.9601965347679332
Precision_1,0.6562209794250573,0.5563045350709658,0.6892630925044649,0.0
Recall_1,0.5233158063640179,0.4889448435327129,0.5112855579418566,0.0
F1_1,0.582280798934266,0.5204542369021499,0.587082022355131,0.0
Avg_F1,0.7757082495466048,0.7416458888884929,0.7787925669491067,0.4800982673839666
