,layer0_hidden_states,layer1_hidden_states,layer2_hidden_states,x_hidden_states
Acc,0.9584386774339678,0.964024230900212,0.9732261459106043,0.9582137729704449
Precision_0,0.9785754363070732,0.9806661644891209,0.9832247534329126,0.9582137729704449
Recall_0,0.9780390729134786,0.9818118048234691,0.9889311859834141,1.0
F1_0,0.9783071810940853,0.981238650259732,0.986069713927826,0.9786610493673686
Precision_1,0.5026577270393525,0.5714397938662644,0.7072103852123607,1.0
Recall_1,0.5089755351681957,0.556131498470948,0.6130886850152906,0.0
F1_1,0.5057969032532555,0.5636817308288389,0.6567946533874983,0.0
Avg_F1,0.7420520421736705,0.7724601905442854,0.8214321836576621,0.4893305246836843
