,layer0_hidden_states,layer1_hidden_states,layer2_hidden_states,x_hidden_states
Acc,0.9423535214754535,0.9322496861253218,0.9451322494341436,0.9234385167854445
Precision_0,0.9626975261634425,0.9567851498133638,0.9610770833862811,0.9234501062440508
Recall_0,0.9753678652559196,0.9704657238946988,0.9802843323851039,0.9999856742320365
F1_0,0.9689912787653847,0.9635768811341331,0.9705856924982675,0.9601951741622842
Precision_1,0.6468102588180058,0.5695009297284398,0.6866454879595798,0.38235294117647056
Recall_1,0.5441259966920932,0.47127798760769213,0.5211187637315164,0.00010697211319295301
F1_1,0.5910413342807728,0.51575459039866,0.5925392266020453,0.0002138843872623621
Avg_F1,0.7800163065230787,0.7396657357663965,0.7815624595501565,0.48020452927477325
