,layer0_hidden_states,layer1_hidden_states,layer2_hidden_states,x_hidden_states
Acc,0.9506777362217993,0.9512541443111672,0.9581130855975462,0.9261259013857103
Precision_0,0.9712129804769877,0.9668723109222789,0.9709722626086394,0.9288113087921166
Recall_0,0.9755029367824325,0.980818478876314,0.9840595133331969,0.9963680767315419
F1_0,0.9733532317651122,0.9737954651050958,0.9774720840456738,0.9614043702592252
Precision_1,0.6878802628376735,0.7198928105356485,0.7703917695958494,0.6428283912518449
Recall_1,0.6512297678705143,0.5946415199914422,0.6451405860426078,0.07884667604729813
F1_1,0.6690534662839897,0.6513000766076337,0.7022248495270851,0.1404645503653808
Avg_F1,0.8212033490245509,0.8125477708563648,0.8398484667863795,0.550934460312303
