,layer0_hidden_states,layer1_hidden_states,layer2_hidden_states,x_hidden_states
Acc,0.949966517934481,0.9512869019293607,0.9582869529556506,0.9261668484084522
Precision_0,0.9645231627348471,0.9701150841801911,0.9693383604472897,0.928907529031938
Recall_0,0.9819358887774663,0.9773564182851373,0.986018050467634,0.9962957657122976
F1_0,0.9731516399593813,0.9737222884118854,0.9776070644476639,0.9614222460966043
Precision_1,0.72144788193093,0.6998417506895148,0.7871717391981559,0.6423631693341237
Recall_1,0.5643437260855613,0.6368296757099245,0.623787306524476,0.08025377076699006
F1_1,0.6332979361928067,0.6668504859722892,0.6960198319790663,0.14268158876453807
Avg_F1,0.803224788076094,0.8202863871920874,0.8368134482133651,0.5520519174305711
