,layer0_hidden_states,layer1_hidden_states,layer2_hidden_states,x_hidden_states
Acc,0.9527950122746575,0.9506960048934842,0.9583398691081172,0.9261857470343331
Precision_0,0.967705447209146,0.9681011264458393,0.9673512097140384,0.9291048432562585
Recall_0,0.9816411872650744,0.9788619882801575,0.9882399088608286,0.9960713286808697
F1_0,0.9746235044312521,0.9734518197304409,0.9776839976864677,0.9614233847231678
Precision_1,0.7319975701325473,0.7055486396852698,0.808184883112837,0.6371369163883813
Recall_1,0.6048450138652316,0.6109506529413217,0.5976778822813037,0.0832078468159339
F1_1,0.6623742926143532,0.6548509437290527,0.6871712393566698,0.14719282667869985
Avg_F1,0.8184988985228027,0.8141513817297468,0.8324276185215688,0.5543081057009338
