,layer0_hidden_states,layer1_hidden_states,layer2_hidden_states,x_hidden_states
Acc,0.9397744889969051,0.9320959773014904,0.9448065631147959,0.9234404066480326
Precision_0,0.9669769879681486,0.9555119678977795,0.9618831420821613,0.923443315282989
Recall_0,0.9678338756659777,0.9717086548103883,0.979027075701451,0.9999965891028658
F1_0,0.9674052420681475,0.9635422515108427,0.9703793932669282,0.9601965347679332
Precision_1,0.6078118242006854,0.5710340404844899,0.6777358490566038,0.0
Recall_1,0.6013149341298641,0.4542776502341044,0.5320299192771977,0.0
F1_1,0.6045459245930798,0.5060080841040118,0.5961083682529146,0.0
Avg_F1,0.7859755833306137,0.7347751678074272,0.7832438807599214,0.4800982673839666
