,layer0_hidden_states,layer1_hidden_states,layer2_hidden_states,x_hidden_states
Acc,0.9749544746533944,0.9790397217163851,0.9785292928925965,0.981972416862316
Precision_0,0.9887311737765274,0.9891422949315914,0.9837543507779246,0.9820593213486535
Recall_0,0.9857257561713835,0.9895137821242177,0.9945561580628988,0.9999056462400027
F1_0,0.9872261776272819,0.9893280036550594,0.9891257648534049,0.9909021364326602
Precision_1,0.33724176437744274,0.42136695421366954,0.27587055494032237,0.7102272727272727
Recall_1,0.39265889883482524,0.41281192178826825,0.11211681752262839,0.012501875281292193
F1_1,0.36284658040665435,0.41704556936445386,0.1594367799743991,0.02457123200157256
Avg_F1,0.6750363790169681,0.7031867865097566,0.5742812724139019,0.5077366842171164
